group,n,positive,rate,wilson95_hi,wilson95_lo
named_entity_schema,36,10,0.2777777777777778,0.43992489997397105,0.1584833794013461
neutral_descriptive_schema,36,0,0.0,0.09641862859446367,0.0
