n,positive,provider,rate,wilson95_hi,wilson95_lo
36,11,ALL,0.3055555555555556,0.4685627285051034,0.1800445159482992
24,8,openai_anthropic_only,0.3333333333333333,0.5329368316186824,0.1797219032729775
