n,positive,provider,rate,wilson95_hi,wilson95_lo
12,4,anthropic,0.3333333333333333,0.6093779111272004,0.13812009109121315
12,4,openai,0.3333333333333333,0.6093779111272004,0.13812009109121315
12,3,xai,0.25,0.5323053349335657,0.08894166839405471
