condition,n,positive,provider,rate,wilson95_hi,wilson95_lo
false_anchor_forced,12,0,anthropic,0.0,0.24249400665524085,2.7755575615628914e-17
false_anchor_forced,12,8,openai,0.6666666666666666,0.8618799089087867,0.39062208887279953
