group,n,positive,provider,rate,wilson95_hi,wilson95_lo
anthropic,12,5,anthropic,0.4166666666666667,0.6804886874504503,0.19326031365875665
openai,12,6,openai,0.5,0.7462184023662939,0.2537815976337061
xai,12,3,xai,0.25,0.5323053349335657,0.08894166839405471
