p_two_sided,provider,z
,anthropic,
1.3991312233242148e-15,openai,7.985535912564637
0.7231198602259339,xai,0.35429226995843593
