provider,positive,n,rate,wilson95_lo,wilson95_hi
anthropic,0,12,0.0,2.7755575615628914e-17,0.24249400665524085
openai,0,12,0.0,2.7755575615628914e-17,0.24249400665524085
xai,0,12,0.0,2.7755575615628914e-17,0.24249400665524085
