n,positive,provider,rate,wilson95_hi,wilson95_lo
36,0,ALL,0.0,0.09641862859446367,0.0
24,0,openai_anthropic_only,0.0,0.13797620467498017,1.3877787807814457e-17
