n,positive,provider,rate,wilson95_hi,wilson95_lo
12,0,anthropic,0.0,0.24249400665524085,2.7755575615628914e-17
12,0,openai,0.0,0.24249400665524085,2.7755575615628914e-17
12,0,xai,0.0,0.24249400665524085,2.7755575615628914e-17
