max,mean,min,n,named_slot_count
371,358.6241134751773,343,141,0
377,364.63380281690144,349,142,1
379,366.63380281690144,351,142,2
383,370.55944055944053,355,143,4
385,372.67605633802816,357,142,8
