p_two_sided,provider,z
,anthropic,
1.3991312233242148e-15,openai,7.985535912564637
0.716353718690841,xai,0.3633362481848779
